Name,Field,State,Country,Pledges USD,Goal USD
Coaxifi Whole-Home Wi-Fi over Coax,Technology,canceled,US,1890,103048
Cool Covers By Design,Design,failed,US,0,103750
COOLERS THAT BUMP: BATTERY-POWERED SPEAKER COOLER,Technology,failed,US,142,105000
(BIF) BullsEye Professional Camera Stock,Technology,failed,US,18364,105000
Style,Technology,failed,US,0,105000
Pleistocene Park: An Ice Age Ecosystem To Save The World,Design,successful,US,"110143,5",106000
OperationVR Arcade,Games,failed,US,0,108000
OperationVR Arcade2,Games,failed,US,22,110000
Peelustrate,Technology,failed,US,26,110000
Monopoly Airline Edition,Games,canceled,US,8284,110000
Kaladin: a Stormlight Archive Album + Art Book,Music,successful,US,112667,110000
Mekria Online,Games,canceled,US,1830,110000
Spark - the good deeds game,Games,failed,US,140,110000
A New Kind of Mounting Platform for your iPhone,Design,canceled,US,25626,115000
Freddy Potcake 1.0,Games,failed,US,1959,115000
Vr Arcade,Games,failed,US,0,115000
The UNICUS App makes selling stuff on Facebook a breeze!,Technology,failed,US,5,115000
Coddiwomple wag,Games,canceled,US,50,115000
InstiShare Photo and Video Sharing App,Technology,failed,US,1,115000
The Wheel: All-Terrain. Cart. Table. Cooler. All-In-One.,Technology,failed,US,17580,115000
Bus Beat Down Mobile Game App,Games,failed,US,230,117500
Learn 911 Kids: Monthly Emergency Call Training for Children,Technology,failed,US,0,119000
colorspike - create in color,Technology,successful,US,355212,120000
Slide out Bluetooth Speakers & Charger All-In-One Phone Case,Design,canceled,US,6819,120000
VacationTime! Saving for your next great adventure.,Technology,canceled,US,0,120000
Domino Planet,Games,failed,US,"5037,11",120000
Stik Boat | The One & Only Personal Fishing Craft,Design,successful,US,203035,120000
RECALLIT | The Most Powerful App In The World,Technology,failed,US,10482,120000
BEAUTIFUL DESOLATION - Isometric Post-apocalyptic Adventure,Games,successful,US,"138457,09",120000
Sego - World's 1st Dedicated Pet Sitter and Companion,Technology,failed,US,470,120000
Tertill: The solar powered weeding robot for home gardens,Technology,successful,US,312810,120000
Save Me,Technology,failed,US,60,120000
The Terminator‚Ñ¢: The Official Board Game,Games,successful,US,220456,120000
"Dendama, the smart kendama. Take on the world.",Games,failed,US,3873,120000
The World's Best Chair - The New Generation Chair (NGC),Design,failed,US,869,120000
Tube Amp Guitar Amplifier - Amplifier! reClass D - Model 1,Technology,canceled,US,1,120000
It's Live! App Development,Technology,failed,US,0,120000
Keep the community entertainment,Music,failed,US,0,120000
LinkUp -The Social Media Network For Entreprenuers,Technology,failed,US,1,120000
The Buildbotics CNC Controller,Technology,failed,US,25893,120000
Collapse N‚Äô Go ‚Äì First Multipurpose Workstation with Cooling,Design,failed,US,701,120000
Moonshot Hanger - Retro Modern Free Standing Coat Rack,Design,failed,US,2986,120000
KOBRA Flash Modifier System,Technology,failed,US,37296,125000
Melee Masters,Games,canceled,US,360,125000
Metropoulos Metro-Plex 50 watt head and combo project,Technology,failed,US,30521,125000
Syncro3D S100 Series Light Industrial 3D Enclosed Printer,Technology,canceled,US,3372,125000
"SELFLY Camera: The smart, flying, phone case camera",Technology,successful,US,1048262,125000
Vortex Coolers: Premium Custom Coolers and Stainless Cups,Design,canceled,US,810,125000
A Maker Space on Wheels Teaching Kids STE(A)M & Trade Skills,Technology,failed,US,2390,125000
SCOPE MOUNTS Clawmounts BEST and MOST Reliable !,Technology,failed,US,40,125000
DoubleTaper Pro - The Ultimate Masking Machine!!,Design,failed,US,639,125000
Woodbound,Games,canceled,US,"603,69",125000
ATM'S 2.0 {FUTURE ATM},Technology,suspended,US,0,125000
PEARL CARRY-ON CASE: Smart + AC Power + GPS + Type C,Technology,failed,US,12194,125000
Electron Fidget Spinner,Design,failed,US,"10166,6",125000
Wallflower Systems Planters for Retaining Walls and more,Design,failed,US,0,125000
TurnPoint Smart Motorcycle Glove,Technology,failed,US,2436,125000
Remote Carry-On - The Best WORK + PLEASURE Bag Ever Made,Design,canceled,US,30910,125000
VIPER 360¬∞- Phone Holders with GPS BLUEtooth TRACKING & APP!,Technology,canceled,US,35,125000
I'M For Peace Music Ministry By R.Gerald's IMFP SOCIETY,Music,failed,US,1,125000
"G-RO Companion Office, Backpacks, and Check-In Bags",Design,successful,US,934795,125000
Give Bryson Tiller a verse on Deja Vu!,Music,failed,US,2,125000
MODEL 3 Tankless Electric Water Heater and Mobile App,Technology,successful,US,164866,125000
The Kayaker's Back-up Paddle,Design,failed,US,120,126800
Real World Fishing - Projects of Earth,Games,failed,US,262,128000
AnZa: Redefining the Espresso Machine in Concrete and Corian,Design,successful,US,145326,130000
Multi-Compartment Dry Box,Design,failed,US,1765,130000
RIDE88 - The Ultimate Bike Rack for Trucks,Design,failed,US,25284,130000
War Robots VR,Games,failed,US,24811,130000
WHAT IS REAL? Album and Art Book,Music,failed,US,7929,130000
Sit N Stroll Elite a 5 in 1 Baby Car seat snd Stroller,Technology,failed,US,833,134000
Expert Imaging Software with Super Help for Photoshop,Technology,failed,US,0,135000
qCLIP: Your Digital Assistant for Easy to Forget Tasks,Technology,failed,US,788,135000
Talking Trump by MAGIC SOCIETY,Design,failed,US,322,135000
Reissue of Humanscale,Design,successful,US,326109,137800
KITMODA | Collaborative CG Community & Marketplace,Technology,canceled,US,475,138000
Bluetme - Cool phone app for celebrity and dating,Technology,canceled,US,79,138748
Mythic Legions 2 Action Figures by Four Horsemen Studios,Design,successful,US,934974,140000
The Original Pikes Peak Cruiser Rides Again!,Design,failed,US,75,140000
The Intellecy Smart Water Meter with Leak Protection,Technology,failed,US,8389,140000
Hapbeat | Wearable Body Speaker,Technology,failed,US,14587,140000
Warped: Metaverse - A 3D Action Adventure Like No Other!,Games,failed,US,2385,146500
"Heated and Air-conditioned ""Growin' N Comfort"" Baby Stroller",Design,failed,US,616,147000
Drumming the World & Pro Guitar Player,Music,failed,US,0,147000
Project: Liberty,Games,failed,US,210,147592
Element Six,Technology,failed,US,"13221,51",148000
Street Ray Action Skate Board,Technology,failed,US,418,149000
Airlock bike helmet,Technology,failed,US,590,150000
Gimme Shade: Self-Driving Umbrella Base,Design,canceled,US,4370,150000
"The Pollution Parachute, an easy way to cut down pollution",Design,canceled,US,0,150000
Ride with a rockstar!,Music,canceled,US,0,150000
"Sparkware: New Tools for STEM, Cyber, Makers, and Java",Technology,failed,US,225,150000
KeezEd Tech,Technology,failed,US,27,150000
CorSense: Optimize health and fitness without 24/7 wearables,Technology,successful,US,191352,150000
Open House Toolkit - Data Collection & Agent Saftey App,Technology,failed,US,0,150000
Lurking in the Shadows,Games,failed,US,50,150000
Medshift X-change,Technology,failed,US,127,150000
M.e.2 - The first truly adjustable Shower Caddy,Technology,failed,US,2605,150000
7th Sea: War of the Cross,Games,canceled,US,52441,150000
Hadali Toys - Magnetic Toy Construction Blocks,Games,failed,US,203,150000
Singing Battle,Music,failed,US,18,150000
Bilbut,Technology,failed,US,1,150000
FishBioBuddy: No More Water Changes to Your Aquarium,Technology,canceled,US,0,150000
Outsider -The weatherproof wearable remote for action sports,Technology,failed,US,7815,150000
"iBallReturn - A Portable, Instant Basketball Return System",Design,failed,US,4765,150000
FanBrella,Design,failed,US,2270,150000
"Rap Performance. 1 person, 2 people.",Music,failed,US,100,150000
Run Android OS On Iphone 5 Models Using Our Platform,Technology,failed,US,151,150000
STARFIGHTER INC,Games,successful,US,"170104,5",150000
STCKBLS: Stackable & Expandable BBQ Grill System,Design,canceled,US,3268,150000
Drop In Planting System DIPS* Quick & Easy Gardening!,Design,failed,US,4516,150000
FitURight: Your virtual dressing room,Technology,failed,US,186,150000
Adoptly | Parenthood is just a swipe away,Technology,suspended,US,4000,150000
NS2 Plus Smart Screen - Customizable LED Technology,Technology,canceled,US,0,150000
"KenzooUp App, A Marketplace for Africa to Sell and Buy",Technology,failed,US,0,150000
eVscope | 100 times more powerful than a classical telescope,Technology,successful,US,2209270,150000
WELBI: The First Remote No-Contact Vital-Sign Monitor,Technology,failed,US,7884,150000
"CAR KARAOKE ""CAR STAR""",Music,failed,US,0,150000
Windjammer Towel Straps,Design,failed,US,111,150000
The Neanderthal Grill & Chill Combo,Technology,canceled,US,10244,150000
"SPoE, a Printer to Change the Way the World Prints Forever",Technology,canceled,US,20392,150000
Link Socially,Technology,failed,US,10,150000
The i-Balance,Design,failed,US,553,150000
War Room: A Larry Harris Game,Games,successful,US,402055,150000
Electric commuter vehicle,Technology,failed,US,101,150000
Socceroof: A New Generation of Soccer with a Skyline View,Design,canceled,US,14542,150000
Rail Theory,Games,failed,US,3828,150000
SecureWeb | Password and Data Management At Your Fingertips,Technology,failed,US,454,150000
Global Anti-Forecasting of Catastrophic (M6.2+) Earthquakes,Technology,failed,US,1,150000
Invest in the Nest: Save Penguins from Extinction,Design,successful,US,"193560,6",150000
The Crusher: Batting Practice Reimagined-Terrorize Pitchers.,Technology,failed,US,985,150000
"Float It- Your stuff, your schedule, your price!",Technology,failed,US,1700,150000
Maluna: Premium Coolers that Ice the Competition by 20%,Design,successful,US,441199,150000
Privacy Defender: The portable online privacy system,Technology,failed,US,9394,150000
Dungeon Saga: Tyranny of the Dragon King,Games,canceled,US,434,150000
Almost Autonomous lawn mower,Technology,canceled,US,155,150000
"Easily clip socks daily at hamper, wash, then hang in closet",Design,canceled,US,279,150000
The Happy Quotient - Coaching Innovation w/ AR/VR,Technology,failed,US,1,150000
Coalface Creations | Feather-Raft,Design,failed,US,435,150000
Immutable Crypto,Technology,failed,US,10,150000
M√∂bileSchl√§gen: The Anywhere Game! Skill. Strategy. Fun.,Games,failed,US,18818,150000
Farm Recycling,Technology,failed,US,0,150000
Kickstarter Gold: Safecast bGeigie Raku,Technology,failed,US,47848,150000
Android Hunter A - Next Generation Platformer Shooter!,Games,canceled,US,30047,150000
GolfsMVP,Games,canceled,US,1185,150000
Spellcaster,Technology,failed,US,3281,150000
89.9FM CHICAGO IMP (Indepenent Music Place) Live Mic Nights,Music,failed,US,105,150000
HOLOBOX,Technology,failed,US,14382,150000
Nintendo Switch Custom Color Joy-Con Shells,Games,canceled,US,0,150000
The Doughboy 2.0 / Magcore1,Technology,failed,US,"10,77",150000
Epic quest,Games,failed,US,311,150000
DM Gaming Video Game Store,Games,failed,US,0,150000
Stream TV: The Future of Television,Technology,failed,US,385,150000
The future of career placement is coming soon,Technology,failed,US,11,150000
L&F,Technology,failed,US,6,150000
Knight's RETRAC A LOCK,Technology,failed,US,855,150000
EcoBreeze 2 Window Fan,Technology,failed,US,"4916,16",150000
SPRAID Cyber Security Software - Privacy for anyone,Technology,canceled,US,512,150000
MoonWatcher: A 24/7 Live Video of the Moon for Everyone,Technology,canceled,US,17155,150000
"Melee: Stones of War - Worldwide, Hidden, With 3D Printer",Games,canceled,US,630,150000
"Bikes. STAND-N-PEDAL, Biomechanical, Ergonomic Design",Technology,failed,US,1,150000
Dual Action Phone Case,Design,suspended,US,314,152000
Math Mastery Digital,Technology,failed,US,0,153000
1977 EPA Graphic Standards System reissue,Design,successful,US,"169424,61",158000
CONVAY - Universal Mobile Shopping,Technology,failed,US,0,158500
"SoundSafe: protect your phone, wallet, and keys",Technology,canceled,US,16126,159088
New Gaming Experience,Games,failed,US,0,160000
The Broadway Stand,Design,failed,US,1630,160000
Rise of the King,Games,canceled,US,12406,160000
The Orlando Tech Community,Technology,failed,US,47554,165000
"Snowboard Gadget - Rotate, Lock or Ride Free - Revolver Gear",Technology,canceled,US,4001,165000
LottoBug,Games,suspended,US,200,165000
SafetyRange S2 - Intelligent Security & Compliance Solutions,Technology,canceled,US,35,175000
Out of the Woods,Games,successful,US,259744,175000
TribalCareers.com,Technology,failed,US,0,175000
A revolutionary new walking device for adults and children!,Technology,failed,US,271,175000
Tumultum - the ultumate brain game,Games,failed,US,50,175000
Texas Youth Advocates Youth Facility,Design,failed,US,379,175000
Human Powered Electric Hybrid Car,Design,failed,US,116,175000
"GROWLER CHILL: Keeps 3 Growlers Cold, Fresh & On Tap at Home",Technology,successful,US,"668343,01",175000
"Dent:Space - An Event About Space Exploration, Together",Technology,failed,US,2699,175000
Outboard Motor Extension Handle - Multi Purpose/Space Saving,Design,canceled,US,437,175000
Friendr: Revolutionizing How We Make Friends Forever!,Technology,failed,US,23,175000
Ballisticord,Technology,failed,US,787,178370
ParShade for your car,Technology,canceled,US,1133,180000
Smart Cleaning Station,Technology,failed,US,1,180000
The best semi-automatic sunshade for your car by ParShade‚Ñ¢,Technology,failed,US,420,180000
The Modern Fashion Doll Museum - fun for all ages!,Design,failed,US,97,184500
MyTrack Navigator,Technology,failed,US,51,185000
"UV CUBE 360 - Eliminates 99.9% of Bacteria, Germs & Viruses",Design,failed,US,1233,185000
NetKnight‚Ñ¢ ShooterTutor - Modernize Your Hockey Training,Technology,failed,US,9578,186508
RC RELEASE - THE BANE OF YOUR SHOULDER PAIN,Design,canceled,US,11676,190000
"Recharge Seat - A Portable, Collapsible, and Chargeable Seat",Design,canceled,US,1900,190000
MissRetreat,Technology,canceled,US,0,190000
BASE7 | THE FIRST IPHONE CASE COMPATIBLE CAR DOCKING STATION,Technology,failed,US,1025,191471
"Advanced Water Activated LED,Home Use and Evacuation Bulb.",Technology,failed,US,500,192000
Introducing Xubersoft Vision XS,Technology,canceled,US,299,195000
TRAILINE Bikes | New Standard In Entry Priced Mountain Bikes,Design,failed,US,21656,195000
Safer Children's Furniture,Design,failed,US,18,199000
Smog-A-Rator,Technology,failed,US,7,199000
Pimax: The World's First 8K VR Headset,Technology,successful,US,"4236618,49",200000
An Online Mall for college Textbooks,Technology,failed,US,28,200000
The Pro Lounge / Gaming Restaurant & eSport Event Hosting,Games,failed,US,75,200000
Catamount Airsoft- USMCR Run Combat and Survival,Games,failed,US,0,200000
RC West,Technology,failed,US,25,200000
EndFirst - Accelerate Your Business Communication for less!,Technology,failed,US,2138,200000
"hopps | less waiting, more socializing",Technology,canceled,US,0,200000
Audio Vault,Technology,failed,US,25,200000
MPG+,Technology,failed,US,3116,200000
"The Happy Cowboys - Psychedelic, Indie, Country Rock",Music,canceled,US,0,200000
Simpresso - enjoy espresso beverages anytime @ anywhere,Design,canceled,US,22654,200000
Banner Saga 3,Games,successful,US,"416986,91",200000
YouClip App - The Next Big Thing,Technology,canceled,US,1,200000
Legendary Royale,Games,failed,US,1,200000
twiztidheartstudio.com,Games,canceled,US,0,200000
iGramophone | Timeless Design For Home Audio,Design,canceled,US,8815,200000
AIKA Smart Insoles for Toddlers,Design,failed,US,5366,200000
Retractable Doggy Anchor,Design,failed,US,2,200000
Boost Your Energy: A Guided Meditation,Technology,failed,US,215,200000
National Marijuana Museum,Design,canceled,US,253,200000
Atlanta Afro Music Fest,Music,failed,US,20,200000
Ball And Chain,Games,failed,US,60,200000
Moon Shot,Technology,failed,US,0,200000
About a Book,Technology,failed,US,744,200000
SUPER DREAM CATCHER,Music,failed,US,100,200000
Frickin! Fleas‚Ñ¢ Mobile Game,Games,failed,US,353,200000
ArtCubi,Technology,failed,US,1,200000
Cali-Cosplay-Con 2018 (California Based Cosplay Convention),Games,failed,US,88,200000
Float'N'Grill‚Ñ¢ - A Whole New Way to Grill,Design,canceled,US,862,200000
Project Springboard,Technology,failed,US,1228,200000
The Best Campground Around,Design,failed,US,560,200000
YoSeat: Real-time seat notification app for cafes and bars,Technology,failed,US,13,200000
Dozin Buddy - Comfort Your Sleeping Child,Technology,canceled,US,50,200000
Land of the Lords,Games,canceled,US,140,200000
Supporting Disaster Relief through the Power of Music,Music,canceled,US,560,200000
Roby d'Bear,Technology,failed,US,2330,200000
EduRoam: A MMORPG For Education,Technology,failed,US,25,200000
Light Your Patio : Cordless 3in1 Rechargeable Patio Lamp,Design,canceled,US,500,200000
Purchase a radio station to feature local Musicians.,Music,failed,US,0,201000
IoTa: Webserver - Data Monitor - Controller - Database.,Technology,failed,US,109,206000
LEARN: Tags - The Most Innovative Graffiti Game You'll Play,Games,failed,US,662,212585
Level Up Arena,Games,failed,US,10,215000
Women's Only UBER,Technology,canceled,US,65,219360
zanbii: Good for people. Good for earth.,Technology,failed,US,6464,220000
QuikLid,Design,canceled,US,1698,225000
School Warn a product of 4Cast Broadcasting Corp.,Technology,failed,US,18,225000
Cat Biz EZ Box,Design,failed,US,3115,230000
Rezivot Instant Film Processor,Design,failed,US,57457,230000
Stadeon‚Ñ¢ - A New Way To Display And Experience VR Gaming,Games,canceled,US,3978,231000
America Think Project (Veritas Dispatch),Technology,failed,US,1,235000
Putt-Putt¬Æ Saves The Zoo: The Definitive Soundtrack,Games,canceled,US,3071,240000
"The ""Uber of babysitting"" APP",Technology,failed,US,1,243000
Kate's Crusade - The Cancer Fighting Video Game,Games,failed,US,20333,244000
Aion (e-on) The Smart Calendar,Technology,failed,US,0,250000
Bl√ºmboxen - Revolutionizing the Window Air Conditioning Unit,Technology,failed,US,624,250000
"Fluent Forever, The App: Learn to *Think* in Any Language",Technology,successful,US,587785,250000
Frank Mentzer's Empyrea Fantasy Setting for 10 RPG Systems,Games,canceled,US,61887,250000
Virtual Shoe Closet - VSC,Technology,failed,US,12,250000
LifeBox is a global humanitarian effort solving world hunger,Technology,failed,US,829,250000
Scenario; The Reality Survival Game,Games,failed,US,20,250000
Ion Smart Outlet,Technology,failed,US,10479,250000
CEORater: crowdsourced fintech platform,Technology,failed,US,500,250000
LAND OF ALL,Games,failed,US,0,250000
"World's First Custom Fit Sandals, 3D Printed in USA",Design,successful,US,566401,250000
STRIVEFIT - Revolutionizing Online Personal Training,Technology,canceled,US,0,250000
Menace - Innovative Horror Game,Games,failed,US,61,250000
Pets Robot,Technology,failed,US,2,250000
Smithsonian Anthology of Hip-Hop and Rap,Music,successful,US,368841,250000
Bottoms Up Mug and Tumbler,Technology,failed,US,50,250000
Infinity Health & Fitness Bracelet Wearable Technology,Technology,suspended,US,1756,250000
Air Access - Smart Garages,Technology,failed,US,1618,250000
Coming to NYC ProLogo Signature - next Billion Dollar Brand,Design,failed,US,0,250000
CellVenom - Non Lethal Personal Defense for iPhone 6/6S/7,Technology,failed,US,1222,250000
"CasaPlutonia Retreat: The Journey of Mind, Body, and Soul",Design,canceled,US,12106,250000
Fund The Epic Hip- Hop Album The Movie,Music,canceled,US,20,250000
"Cortex - Intelligent, Rugged Off Grid Power Storage",Technology,failed,US,6136,250000
PocketPotty,Design,canceled,US,22,250000
Cabbage Computer,Technology,failed,US,5,250000
Bicycle Laser Tag System,Games,failed,US,0,250000
pennyforthelot,Technology,failed,US,0,250000
ShiftLens,Technology,failed,US,112,250000
"TELEX Design ""HALO I""",Technology,failed,US,86,250000
Bicycle Laser Tag - Play as Dog Fighter Pilots on Bikes!,Games,failed,US,120,250000
Project DaVinci - Get Access to Space,Technology,failed,US,9725,250000
21st CENTURY MEDICAL PRACTICE SYSTEM THAT CHANGES THE WORLD,Technology,failed,US,10000,250000
Restore Historic Mission Control,Design,successful,US,"506905,22",250000
BlackWidow Electro Musician debut album (Code Blue),Music,failed,US,1,250000
Simulated Infiltration Konflict Utilities,Games,failed,US,568,250000
BrewQube | A Convenient Plug-and-Pour Craft Beer Experience,Technology,canceled,US,17859,250000
CollinsBoy Music Group - 10 City Tour,Music,failed,US,1,250000
Smart Cabinet,Technology,failed,US,0,250000
SousVide Supreme Touch+,Technology,successful,US,"410039,89",250000
RWBY: Combat Ready,Games,successful,US,"795979,75",250000
Small Transparent Speaker,Design,failed,US,131637,250000
Introducing the Airdog ADII: The Future is Hands-Free,Technology,successful,US,303588,250000
Learning Lab 360: Learning through VR (Oculus),Technology,failed,US,85,250000
"Release ""Once Upon a Time in Shaolin"" Free online",Music,failed,US,10,250000
"Heroes of Land, Air & Sea",Games,successful,US,495035,250000
"Polymule - a Handcart for Adventure, Work, and Survival.",Design,failed,US,24477,250000
Soshee - The Social Media Robot Dog,Technology,canceled,US,26105,250000
OKULARION: The First Wireless Mixed Reality Headset,Technology,canceled,US,9224,250000
Triton Tailgate Cooler,Design,failed,US,655,250000
#ProveLifeMatters,Technology,failed,US,0,250000
"VR Entertainment - Immersive, Mobile VR Gaming w/ Control",Technology,failed,US,210,250000
Spot Buddy Fitness App,Technology,failed,US,2981,250000
Swap Sneaker,Technology,failed,US,0,250000
Ariel Sky - The Future of Healthcare,Technology,failed,US,121,250000
Android Device Monitoring - Catch Me If You Can,Technology,failed,US,1458,250000
CineasOne sports Car,Technology,canceled,US,10,250000
Fast Easy Lightweight Modular Cabinets PhastPhurniture,Design,failed,US,710,250000
Jayhawk Racing Bikes,Design,canceled,US,0,250000
Play Atari PONG in your Coffee Table,Technology,successful,US,335422,250000
The Launch Jacket,Technology,failed,US,113,250000
FLEXPAND POWER,Technology,failed,US,3201,250000
Operation Rock Bottom - The Power of Wall St. on Your St,Technology,failed,US,0,250000
""" STAY LIT "" - WITH FLEXXELIGHT",Technology,failed,US,48,265000
MedMart App,Technology,failed,US,11,270000
The Read Read: Braille Literacy Tool for the Blind,Technology,failed,US,21430,273000
GivitUp E-Commerce Platform,Technology,failed,US,0,275000
The World's Most Elegant Frameable Metal Greeting Card,Design,failed,US,6,278000
Medical Artificial Lung Air Flow Device,Design,failed,US,150,285000
earnotz : personalized wireless 3D printed earphones,Technology,failed,US,8195,295000
WILDFIRE SUPPRESSANT,Technology,failed,US,120,300000
The Strike Pitcher Software Program,Technology,failed,US,1000,300000
Belcom presents Brandoodles Digital Vision Gameshow,Games,failed,US,0,300000
Karma Plus: The Socially Conscious Network & Kindness App,Technology,canceled,US,11551,300000
"The Hendrix Keg - Carbonated, Fresh, Craft Beer on Tap",Technology,canceled,US,48307,300000
Brand New NYC/Westchester Paintball Fields,Games,failed,US,150,300000
File Cabinet in the Sky,Technology,canceled,US,330,300000
Zombicide: Green Horde,Games,successful,US,"5004494,58",300000
Angel Talking truth to share with the world.,Music,failed,US,0,300000
Skillz: let‚Äôs make bartering cool again!,Technology,failed,US,40,300000
A Song of Ice & Fire: Tabletop Miniatures Game,Games,successful,US,1690466,300000
ERP Software for Installation and Repair Service Companies,Technology,failed,US,0,300000
I'M NEW is my new single off my album still got it ..,Music,failed,US,0,300000
ChaZING! Smart Facebook Shops,Technology,canceled,US,786,300000
University of Early Childhood Development - UOECD.com,Technology,failed,US,0,300000
Kingdoms Lawn Game,Games,failed,US,21365,300000
Rising Sun,Games,successful,US,4228060,300000
Your fashion stylist in your pocket.,Technology,failed,US,777,300000
Surfise: promoting/advertising the best in health & fitness,Technology,canceled,US,0,300000
The Cyanide & Happiness Adventure Game,Games,successful,US,"575377,06",300000
Lula Mobile Tripod System,Design,failed,US,2226,300000
"THE MOST SPECIAL THING,...IN THE WORLD",Design,failed,US,13,300000
LINKTOPIN All Services Mobile App,Technology,failed,US,1,300000
Plane Connection Your Uber of the Sky,Technology,failed,US,45,300000
Fronk or Steen? (Mobile Augmented Reality Horde Survival),Games,failed,US,46,300115
Neil deGrasse Tyson Presents: Space Odyssey - The Video Game,Games,successful,US,"357866,04",314159
Illuminated Athletic Wear,Technology,failed,US,4706,315000
The Better Litter Bowl and Scoop,Design,failed,US,2596,325000
"""I SAVE LIVES"" The App To Protect Aircraft From Small Drones",Technology,failed,US,90,330000
transAscend - Spacelift - Peoplemover and Pipeline,Technology,failed,US,1379,330000
Pocket Physician,Technology,failed,US,82,350000
Sparkbox the World's Most Powerful Portable Power Source,Technology,canceled,US,17787,350000
Greater District Sound Club (G.D.S.C) Project,Music,failed,US,4202,350000
The Blue Vale: A Tabletop RPG in Augmented Reality,Games,canceled,US,415,350000
"""Snap Cover"" for an Electrical outlet",Technology,failed,US,243,350000
Smog B'Gone,Design,failed,US,11,350000
"hopps | patrons order drinks, venues drive revenue",Technology,failed,US,42,350000
"THE FUNKIE LEG, K4 PROSTHETICS - SCOTT HIGGINBOTHAM, FOUNDER",Technology,failed,US,305,350000
A truly social app. Connect to current and new friends now!,Technology,failed,US,110,350000
3D printing services,Technology,failed,US,20,350000
Gas powered kayak,Technology,canceled,US,3649,350000
Pro Tailgater Party Plate,Technology,failed,US,200,365000
FunZilla Family Entertainment Center,Games,failed,US,110,375000
Time travel app,Technology,failed,US,135,375000
Epichino is going to change the world,Technology,canceled,US,0,375000
The Golf Farm,Design,failed,US,1250,380000
Fisk Neptune Processor for Water Remediation & Production,Technology,failed,US,50,380000
"REEO Organizes Your Kitchen, Bath, and Garage Appliances",Technology,failed,US,840,380000
"G√ºte Backpackers Hostel in Leavenworth, Washington",Design,failed,US,5835,399000
Three60 Beer brewing System,Technology,failed,US,2016,400000
igmns,Music,failed,US,30,400000
WOOF! I don't know the language App! Live travel translation,Technology,failed,US,300,400000
ATROX Snake Barrier: KEEPS SNAKES AWAY!,Design,failed,US,23288,400000
ATV/Dirtbike battery quick connectors,Technology,failed,US,3,400000
Immortal Coil,Games,canceled,US,435,400000
VINO ROCKET - Every Wine Drinkers New Best Friend,Technology,canceled,US,4502,400000
The Balloon Anchor Plug,Design,failed,US,230,400000
Xplore Videos: View What Interests You!,Technology,failed,US,200,400000
Loveway Studios,Music,failed,US,0,400000
Ship of Heroes -- A Space Hero MMORPG,Games,canceled,US,35138,400000
Project Arcane,Games,canceled,US,121,400000
How is your word game? Can you write to create? Spit magic?,Games,failed,US,515,426476
The Dogwood Inn: A New B&B for an Old River Town!,Design,failed,US,5630,430000
"The Dogwood Inn, Bringing a new B&B to an Old River Town!",Design,canceled,US,175,430000
Automobile with Carbon Dioxide Capture,Technology,failed,US,"1313,77",450000
"GazillionairesLife: a new way to Buy, Sell, and Trade! (Canceled)",Games,canceled,US,53,450000
A1FILAMENT -3D BIO-COMPOSTIBLE WITH LOWEST MEAN DEVIATION,Technology,failed,US,1386,465000
The TrailBlade Machete,Design,failed,US,3538,466000
WinspiriA,Technology,failed,US,437,480000
Astral Vision Explorer,Technology,failed,US,45,485000
Konso,Technology,canceled,US,1,490000
Okie-talkie: Two-way Voice Chats for Kids,Technology,canceled,US,"13227,45",499000
Moment: Make Your iPhone 7 A Better Camera,Design,successful,US,"767897,09",500000
Local Legal,Technology,failed,US,50,500000
Virtual Reality and eSports Center in Portland,Games,failed,US,0,500000
Jog the Dog: Indoor Track and Dog Exercise Field,Design,failed,US,"1164,57",500000
Unite Congress: Reinventing Democracy through Data,Technology,failed,US,1080,500000
"ZTE 'Project CSX' Phone - Hands Free, Eye Tracking Device",Technology,canceled,US,36245,500000
www.PurchaseBeats.com,Music,failed,US,20,500000
Gabriel Device - Free energy for everyone,Technology,failed,US,81,500000
Queen Vanity Records,Music,failed,US,1,500000
Pathfinder: Kingmaker,Games,successful,US,"909057,32",500000
New Palm-sized computer puts your office on beast mode!,Technology,failed,US,830,500000
Air-to-Electricity Microgrid: 24/7 Onsite Power,Technology,failed,US,953,500000
Guitar Godz VR: A 3D Rock Music Game,Games,failed,US,22612,500000
501 PUNK SONG GUARANTEE (in 2 months),Music,failed,US,10,500000
Cancelled :(,Games,canceled,US,0,500000
Los Boleros (The ballers),Music,failed,US,10,500000
EXFYRE!!! THE FIRE EXTINGUISHER THAT NO OTHER CAN COMPARE.,Technology,canceled,US,350,500000
Keepers of the Newbicon Galaxy online video game,Games,failed,US,150,500000
The World's newest Open-Source mobile Computing Solution,Technology,failed,US,1241,500000
SPEEDERZ Racing & Entertainment Group,Games,failed,US,0,500000
Milkbe Strollers The Safest Most Modern stroller.,Technology,suspended,US,500,500000
The Iron Blade Table Tennis Club,Games,failed,US,2,500000
The Cauldron Magical Pub & Inn,Technology,failed,US,37432,500000
The Phone for Humans,Technology,failed,US,53080,500000
World War 3 the Fight of the People,Games,canceled,US,0,500000
iMyK9 Pet Monitor,Technology,canceled,US,1913,502000
2d3D HierSwipe,Games,failed,US,20,527000
Split Chamber Rotary Engine,Technology,failed,US,322,530000
Locked Up - The World's First Prison RPG,Games,canceled,US,23400,530000
Convex Trowel a new universal concrete hand tool,Technology,failed,US,10,535000
ONEIDNET Social Professional Commercial Corporate Platform,Technology,failed,US,1,545539
Wride,Technology,failed,US,0,550000
Gods Of Prey,Games,canceled,US,10,550000
Setupshopz.com,Technology,failed,US,0,600000
FOREVERSE Virtual Reality Event Series,Games,canceled,US,451,600000
Indoor Fun Park For Kids.,Games,failed,US,0,600000
One of a Kind Art Hub / Studio w' 13 Elements for London UK,Design,canceled,US,22,600000
Mahtava: People and Fitness Connected,Technology,failed,US,60,600000
QST - THE TABLETOP GAME SUBSCRIPTION BOX!,Games,canceled,US,30585,600000
I-Tem brand Wine Dispenser,Design,failed,US,145,600000
Ability1: 3D Print Real Metal Parts At Home!,Technology,failed,US,"95572,77",640000
The Momentum Dryer & UpFlow Technology (Consumer Model),Design,failed,US,3126,650000
Bloodline Generations: 2d Animated Series + E-Sport,Games,canceled,US,580,650000
Earshot - completely cordless action headphones.,Design,failed,US,17239,650000
Salty Cubans Fishing/Outdoor Apparel & More,Design,failed,US,0,663000
"""PERFORM MY SONG"" High School & Teenage Songwriters.",Music,failed,US,1,685000
World of Kingdoms ~ New MMORPG ~,Games,canceled,US,1,700000
World of Kingdoms ~ New MMORPG,Games,canceled,US,20,700000
SLAPSHOT HOCKEY,Games,failed,US,1599,750000
AI Professor: Your child friend in education,Technology,canceled,US,6342,750000
Regolith Revolution - Growing a plant on the moon,Technology,failed,US,2622,750000
Ladder In The Bag¬Æ,Design,failed,US,2278,750000
Ashes of Creation ~ New MMORPG by Intrepid Studios,Games,successful,US,"3271809,31",750000
Destiny 1,Technology,failed,US,25,781325
Claw Hunter - a single player action adventure game,Games,failed,US,17173,800000
Squirrel Proof Bird Feeder,Technology,canceled,US,85,800000
FindPin,Technology,failed,US,12,840000
CineasOne sports Car,Technology,canceled,US,25,850000
Beyond The Breach,Games,failed,US,0,850000
Ristola Plongeur/UTC 300 Meter COSC/ISO Diver,Technology,canceled,US,19824,894700
Apocalypse Now: a game based on the classic Vietnam war film,Games,canceled,US,"172503,42",900000
Biggest Social Media Platform For Business(YouTube+Amazon+..,Design,canceled,US,30,900000
To The End,Games,canceled,US,150,900000
Luxedo - Dress up any surface,Technology,failed,US,4542,950000
World's First Giant Robot Tournament!,Technology,canceled,US,"54369,77",950000
Anup R,Music,failed,US,22,999999