Country,Medal,Count
United States of America,Gold Medal,38
People's Republic of China,Gold Medal,38
Japan,Gold Medal,27
Great Britain,Gold Medal,21
ROC,Gold Medal,20
Australia,Gold Medal,17
Netherlands,Gold Medal,10
Germany,Gold Medal,10
Italy,Gold Medal,10
France,Gold Medal,9
Canada,Gold Medal,7
New Zealand,Gold Medal,7
Brazil,Gold Medal,7
Hungary,Gold Medal,6
Republic of Korea,Gold Medal,6
Cuba,Gold Medal,6
Poland,Gold Medal,4
Czech Republic,Gold Medal,4
Kenya,Gold Medal,4
Norway,Gold Medal,4
Jamaica,Gold Medal,4
Spain,Gold Medal,3
Sweden,Gold Medal,3
Switzerland,Gold Medal,3
Denmark,Gold Medal,3
Croatia,Gold Medal,3
Islamic Republic of Iran,Gold Medal,3
Belgium,Gold Medal,3
Bulgaria,Gold Medal,3
Slovenia,Gold Medal,3
Georgia,Gold Medal,2
Chinese Taipei,Gold Medal,2
Turkey,Gold Medal,2
Serbia,Gold Medal,2
Uganda,Gold Medal,2
Ecuador,Gold Medal,2
Israel,Gold Medal,2
Uzbekistan,Gold Medal,2
Greece,Gold Medal,2
Qatar,Gold Medal,2
Bahamas,Gold Medal,2
Kosovo,Gold Medal,2
Ukraine,Gold Medal,1
Belarus,Gold Medal,1
Romania,Gold Medal,1
Venezuela,Gold Medal,1
India,Gold Medal,1
"Hong Kong, China",Gold Medal,1
Philippines,Gold Medal,1
Slovakia,Gold Medal,1
South Africa,Gold Medal,1
Austria,Gold Medal,1
Egypt,Gold Medal,1
Indonesia,Gold Medal,1
Ethiopia,Gold Medal,1
Portugal,Gold Medal,1
Tunisia,Gold Medal,1
Ireland,Gold Medal,1
Estonia,Gold Medal,1
Fiji,Gold Medal,1
Latvia,Gold Medal,1
Thailand,Gold Medal,1
Bermuda,Gold Medal,1
Morocco,Gold Medal,1
Puerto Rico,Gold Medal,1
Colombia,Gold Medal,0
Azerbaijan,Gold Medal,0
Dominican Republic,Gold Medal,0
Armenia,Gold Medal,0
Kyrgyzstan,Gold Medal,0
Mongolia,Gold Medal,0
Argentina,Gold Medal,0
San Marino,Gold Medal,0
Jordan,Gold Medal,0
Malaysia,Gold Medal,0
Nigeria,Gold Medal,0
Bahrain,Gold Medal,0
Saudi Arabia,Gold Medal,0
Lithuania,Gold Medal,0
North Macedonia,Gold Medal,0
Namibia,Gold Medal,0
Turkmenistan,Gold Medal,0
Kazakhstan,Gold Medal,0
Mexico,Gold Medal,0
Finland,Gold Medal,0
Botswana,Gold Medal,0
Burkina Faso,Gold Medal,0
Côte d'Ivoire,Gold Medal,0
Ghana,Gold Medal,0
Grenada,Gold Medal,0
Kuwait,Gold Medal,0
Republic of Moldova,Gold Medal,0
Syrian Arab Republic,Gold Medal,0
United States of America,Silver Medal,39
People's Republic of China,Silver Medal,31
Japan,Silver Medal,14
Great Britain,Silver Medal,21
ROC,Silver Medal,27
Australia,Silver Medal,7
Netherlands,Silver Medal,12
Germany,Silver Medal,11
Italy,Silver Medal,10
France,Silver Medal,12
Canada,Silver Medal,6
New Zealand,Silver Medal,6
Brazil,Silver Medal,4
Hungary,Silver Medal,7
Republic of Korea,Silver Medal,4
Cuba,Silver Medal,3
Poland,Silver Medal,5
Czech Republic,Silver Medal,4
Kenya,Silver Medal,4
Norway,Silver Medal,2
Jamaica,Silver Medal,1
Spain,Silver Medal,8
Sweden,Silver Medal,6
Switzerland,Silver Medal,4
Denmark,Silver Medal,4
Croatia,Silver Medal,3
Islamic Republic of Iran,Silver Medal,2
Belgium,Silver Medal,1
Bulgaria,Silver Medal,1
Slovenia,Silver Medal,1
Georgia,Silver Medal,5
Chinese Taipei,Silver Medal,4
Turkey,Silver Medal,2
Serbia,Silver Medal,1
Uganda,Silver Medal,1
Ecuador,Silver Medal,1
Israel,Silver Medal,0
Uzbekistan,Silver Medal,0
Greece,Silver Medal,0
Qatar,Silver Medal,0
Bahamas,Silver Medal,0
Kosovo,Silver Medal,0
Ukraine,Silver Medal,6
Belarus,Silver Medal,3
Romania,Silver Medal,3
Venezuela,Silver Medal,3
India,Silver Medal,2
"Hong Kong, China",Silver Medal,2
Philippines,Silver Medal,2
Slovakia,Silver Medal,2
South Africa,Silver Medal,2
Austria,Silver Medal,1
Egypt,Silver Medal,1
Indonesia,Silver Medal,1
Ethiopia,Silver Medal,1
Portugal,Silver Medal,1
Tunisia,Silver Medal,1
Ireland,Silver Medal,0
Estonia,Silver Medal,0
Fiji,Silver Medal,0
Latvia,Silver Medal,0
Thailand,Silver Medal,0
Bermuda,Silver Medal,0
Morocco,Silver Medal,0
Puerto Rico,Silver Medal,0
Colombia,Silver Medal,4
Azerbaijan,Silver Medal,3
Dominican Republic,Silver Medal,3
Armenia,Silver Medal,2
Kyrgyzstan,Silver Medal,2
Mongolia,Silver Medal,1
Argentina,Silver Medal,1
San Marino,Silver Medal,1
Jordan,Silver Medal,1
Malaysia,Silver Medal,1
Nigeria,Silver Medal,1
Bahrain,Silver Medal,1
Saudi Arabia,Silver Medal,1
Lithuania,Silver Medal,1
North Macedonia,Silver Medal,1
Namibia,Silver Medal,1
Turkmenistan,Silver Medal,1
Kazakhstan,Silver Medal,0
Mexico,Silver Medal,0
Finland,Silver Medal,0
Botswana,Silver Medal,0
Burkina Faso,Silver Medal,0
Côte d'Ivoire,Silver Medal,0
Ghana,Silver Medal,0
Grenada,Silver Medal,0
Kuwait,Silver Medal,0
Republic of Moldova,Silver Medal,0
Syrian Arab Republic,Silver Medal,0
United States of America,Bronze Medal,33
People's Republic of China,Bronze Medal,18
Japan,Bronze Medal,17
Great Britain,Bronze Medal,22
ROC,Bronze Medal,23
Australia,Bronze Medal,22
Netherlands,Bronze Medal,14
Germany,Bronze Medal,16
Italy,Bronze Medal,20
France,Bronze Medal,11
Canada,Bronze Medal,11
New Zealand,Bronze Medal,7
Brazil,Bronze Medal,8
Hungary,Bronze Medal,6
Republic of Korea,Bronze Medal,10
Cuba,Bronze Medal,5
Poland,Bronze Medal,5
Czech Republic,Bronze Medal,3
Kenya,Bronze Medal,2
Norway,Bronze Medal,2
Jamaica,Bronze Medal,4
Spain,Bronze Medal,6
Sweden,Bronze Medal,0
Switzerland,Bronze Medal,6
Denmark,Bronze Medal,4
Croatia,Bronze Medal,2
Islamic Republic of Iran,Bronze Medal,2
Belgium,Bronze Medal,3
Bulgaria,Bronze Medal,2
Slovenia,Bronze Medal,1
Georgia,Bronze Medal,1
Chinese Taipei,Bronze Medal,6
Turkey,Bronze Medal,9
Serbia,Bronze Medal,5
Uganda,Bronze Medal,1
Ecuador,Bronze Medal,0
Israel,Bronze Medal,2
Uzbekistan,Bronze Medal,2
Greece,Bronze Medal,1
Qatar,Bronze Medal,1
Bahamas,Bronze Medal,0
Kosovo,Bronze Medal,0
Ukraine,Bronze Medal,12
Belarus,Bronze Medal,3
Romania,Bronze Medal,0
Venezuela,Bronze Medal,0
India,Bronze Medal,4
"Hong Kong, China",Bronze Medal,3
Philippines,Bronze Medal,1
Slovakia,Bronze Medal,1
South Africa,Bronze Medal,0
Austria,Bronze Medal,5
Egypt,Bronze Medal,4
Indonesia,Bronze Medal,3
Ethiopia,Bronze Medal,2
Portugal,Bronze Medal,2
Tunisia,Bronze Medal,0
Ireland,Bronze Medal,2
Estonia,Bronze Medal,1
Fiji,Bronze Medal,1
Latvia,Bronze Medal,1
Thailand,Bronze Medal,1
Bermuda,Bronze Medal,0
Morocco,Bronze Medal,0
Puerto Rico,Bronze Medal,0
Colombia,Bronze Medal,1
Azerbaijan,Bronze Medal,4
Dominican Republic,Bronze Medal,2
Armenia,Bronze Medal,2
Kyrgyzstan,Bronze Medal,1
Mongolia,Bronze Medal,3
Argentina,Bronze Medal,2
San Marino,Bronze Medal,2
Jordan,Bronze Medal,1
Malaysia,Bronze Medal,1
Nigeria,Bronze Medal,1
Bahrain,Bronze Medal,0
Saudi Arabia,Bronze Medal,0
Lithuania,Bronze Medal,0
North Macedonia,Bronze Medal,0
Namibia,Bronze Medal,0
Turkmenistan,Bronze Medal,0
Kazakhstan,Bronze Medal,8
Mexico,Bronze Medal,4
Finland,Bronze Medal,2
Botswana,Bronze Medal,1
Burkina Faso,Bronze Medal,1
Côte d'Ivoire,Bronze Medal,1
Ghana,Bronze Medal,1
Grenada,Bronze Medal,1
Kuwait,Bronze Medal,1
Republic of Moldova,Bronze Medal,1
Syrian Arab Republic,Bronze Medal,1